{"UUID":"Dz56X6oKk4HksB9qd7kjSx","layoutMainAxisSizing":null,"layoutCrossAxisSizing":null,"name":"Car Service","isVisible":true,"boundaryRectangle":null,"style":null,"prototypeNodeUUID":null,"child":null,"constraints":null,"debug":false,"pngPath":"/usr/src/app/temp-out/pb-tmp-f0b2ebee-ed7d-4cf2-85fa-948f64a6e548/carservice/lib/assets/images","pages":[{"UUID":"0:1","layoutMainAxisSizing":null,"layoutCrossAxisSizing":null,"name":"Page 1","isVisible":true,"boundaryRectangle":null,"style":null,"prototypeNodeUUID":null,"child":null,"constraints":null,"convert":true,"screens":[],"pbdlType":"page"}],"miscPages":[],"sharedStyles":[],"globalStyles":{"UUID":"","layoutMainAxisSizing":null,"layoutCrossAxisSizing":null,"name":"","isVisible":false,"boundaryRectangle":null,"style":null,"prototypeNodeUUID":null,"child":null,"constraints":null,"pbdlType":"global_styles","designSystem":"material","colors":[{"UUID":"1:309","layoutMainAxisSizing":null,"layoutCrossAxisSizing":null,"name":"Line_icon","isVisible":false,"boundaryRectangle":null,"style":null,"prototypeNodeUUID":null,"child":null,"constraints":null,"description":"","pbdlType":"global_color","color":{"a":1.0,"r":0.7987847328186035,"g":0.8253224492073059,"b":0.8916666507720947}},{"UUID":"1:711","layoutMainAxisSizing":null,"layoutCrossAxisSizing":null,"name":"Label Light / Secondary","isVisible":false,"boundaryRectangle":null,"style":null,"prototypeNodeUUID":null,"child":null,"constraints":null,"description":"","pbdlType":"global_color","color":{"a":1.0,"r":0.23529411852359772,"g":0.23529411852359772,"b":0.26274511218070984}},{"UUID":"2:1784","layoutMainAxisSizing":null,"layoutCrossAxisSizing":null,"name":"fill_icon","isVisible":false,"boundaryRectangle":null,"style":null,"prototypeNodeUUID":null,"child":null,"constraints":null,"description":"","pbdlType":"global_color","color":{"a":1.0,"r":1.0,"g":1.0,"b":1.0}}],"textStyles":[],"themeColors":[],"themeTextStyles":[]},"pbdlType":"project","azure_container_uri":"https://pbnestcore.blob.core.windows.net/dz56x6okk4hksb9qd7kjsx"}